[
  {
    "pizzaId": 1,
    "pizzaName": "Corn Pizza",
    "pizzaCode": "GDN-0011",
    "releaseDate": "March 19, 2016",
    "description": "11-inch ",
    "price": 275,
    "starRating": 3.2,
    "imageUrl": "./assets/images/cornpizza.jfif"
  },
  {
    "pizzaId": 2,
    "pizzaName": "FarmFresh Supreme",
    "pizzaCode": "GDN-0023",
    "releaseDate": "March 18, 2016",
    "description": "11-inch",
    "price": 430,
    "starRating": 4.2,
    "imageUrl": "./assets/images/farmfresh.jpg"
  },
  {
    "pizzaId": 5,
    "pizzaName": "Maharaja Veg Pizza",
    "pizzaCode": "TBX-0048",
    "releaseDate": "May 21, 2016",
    "description": "15-inch",
    "price": 500,
    "starRating": 4.8,
    "imageUrl": "./assets/images/maharaja.jpg"
  },
  {
    "pizzaId": 8,
    "pizzaName": "Cheese Burst Pizza",
    "pizzaCode": "TBX-0022",
    "releaseDate": "May 15, 2016",
    "description": "7-inch",
    "price": 230,
    "starRating": 3.7,
    "imageUrl": "./assets/images/cheese.jpg"
  },
  {
    "pizzaId": 10,
    "pizzaName": "Margherita",
    "pizzaCode": "GMG-0042",
    "releaseDate": "October 15, 2015",
    "description": "9-inch",
    "price": 400,
    "starRating": 4.6,
    "imageUrl": "./assets/images/margherita.jfif"
  }
]